"p..1..","p..2..","p..3..","p..4..","p..5..","p..6..","p..7..","p..8..","p..9..","p..10..","p..11..","p..12..","p..13..","p..14..","p..15..","p..16..","p..17..","p..18..","p..19..","p..20..","p..21..","p..22..","p..23..","p..24..","p..25..","p..26.."
"cake app","cake bee","cake cake","cake design","cake emoji","cake flavours","cake game","cake house","cake images","cake jar","cake kaise banate hain","cake lake","cake models","cake near me","cake order online","cake pic","cake quotes","cake recipe","cake square","cake types","cake under 200","cake video","cake world","cake xmas","cake yummy tummy","cake zone"
"cake and flowers","cake bee trichy","cake cutting","cake delivery in chennai","cake eppadi seivathu","cake factory","cake guru","cake house trichy","cake in tamil","cake jelly","cake ka photo","cake logo","cake mall","cake name","cake order","cake photo","cake queen game download","cake recipe video","cake shop near me","cake tamil meaning","cake using cooker","cake varieties","cake waves","cake x","cake youtube","cake zone chennai"
"cake and me","cake birthday","cake cream","cake drawing","cake eggless","cake for boys","cake gel","cake house near me","cake ingredients","cake judging","cake ki photo","cake list","cake making","cake nest","cake oven","cake park","cake quotation","cake recipe in tamil","cake shop","cake tamil","cake using wheat flour","cake valentine","cakewalk","cake xpress","cake yeast","cake zomato"
"cake at home","cake banana","cake cooking","cake delivery","cake edit with name","cake flour","cake gif","cake happy birthday","cake in cooker","cake joy of baking","cake ki video","cake love","cake meaning in tamil","cake name editing","cake order online chennai","cake point","cake quotes for wife","cake rate","cake savoury eppadi","cake tray","cake unique","cake valley","cake world near me","cake zone","cake yummy","cake zone medavakkam"
"cake anniversary","cake banane ka video","cake chocolate","cake decorating","cake english","cake for girls","cake gst rate","cake house chennai","cake images hd","cake jell","cake ki recipe","cake liner","cake max","cake new model","cake order near me","cake picture","cake queen","cake recipe video in hindi","cake shops in chennai","cake toppers","cake under 300","cake view","cake with name","cake express kolkata","cake yellow","cake zone bangalore"
"cake and bake","cake box","cake cartoon","cake day","cake empire","cake for valentine","cake games for kids","cake home delivery","cake in hindi","cake gel","cake ka design","cake love quotes","cake mould","cake name in tamil","cake outline","cake price","cake quality","cake recipe in hindi","cake shop in coimbatore","cake tin","cake utensils","cake verity","cake without oven","cake zone chennai","cake yash","cake zone perungudi"
"cake and berries","cake beater","cake corner","cake decorating ideas","cake eating images","cake forest","cake garnish","cake hd images","cake ideas","cake junction","cake ke photo","cake live","cake movie","cake n bake","cake order online trichy","cake png","cake quantity","cake rusk","cake shop in erode","cake talk","cake unique madambakkam","cake vector","cake world adyar","cake zomato","cake yarn","cake zone pune"
"cake accessories","cake baking","cake calories","cake delivery online","cake essence","cake for kids","cake guru in tiruvannamalai","cake hearts","cake in microwave","cake jennifer aniston movie","cake kolam","cake layer","cake making video","cake nozzles","cake offer","cake pops","cake quotes for wedding","cake recipe without oven","cake stand","cake toppings","cake under 100","cake vessel","cake with photo","cake zone medavakkam","cake yogesh","cake z land"
"cake and pastry","cake boss","cake cutting quotes","cake decorating tools","cake episode","cake for birthday","cake gift","cake house karapakkam","cake items","cake jeera","cake knife","cake leveler","cake my day","cake nearby","cake o clock","cake pan","cake quotes for christmas","cake recipe without egg","cake smith","cake themes","cake using milkmaid","cake valley potheri","cake world menu","cake zone perungudi","cake your pants","cake zone coimbatore"
"cake avenue","cake bakers","cake cooking game","cake delivery in delhi","cake eyeliner","cake for anniversary","cake game video","cake house navalur","cake icing","cake jokes","cake ki","cake logo design","cake mixer","cake name list","cake online coimbatore","cake preparation","cake quiz","cake red velvet","cake shops in trichy","cake tin online","cake up","cake videos in tamil","cake world nagercoil","cake zone pune","cake your name","cake zone coupon code"
